#clustering method	cluster number	cluster color	gene count	protein name	protein identifier	protein description
kmeans	1	Red	21	AGR2	9606.ENSP00000391490	Anterior gradient protein 2 homolog; Required for MUC2 post-transcriptional synthesis and secretion. May play a role in the production of mucus by intestinal cells (By similarity). Proto-oncogene that may play a role in cell migration, cell differentiation and cell growth. Promotes cell adhesion.
kmeans	1	Red	21	BRK1	9606.ENSP00000432472	Protein BRICK1; Involved in regulation of actin and microtubule organization. Part of a WAVE complex that activates the Arp2/3 complex. As component of the WAVE1 complex, required for BDNF-NTRK2 endocytic trafficking and signaling from early endosomes (By similarity).
kmeans	1	Red	21	CBLIF	9606.ENSP00000257248	Cobalamin binding intrinsic factor; Promotes absorption of the essential vitamin cobalamin (Cbl) in the ileum. After interaction with CUBN, the CBLIF-cobalamin complex is internalized via receptor-mediated endocytosis; Belongs to the eukaryotic cobalamin transport proteins family.
kmeans	1	Red	21	CES3	9606.ENSP00000304782	Carboxylesterase 3; Involved in the detoxification of xenobiotics and in the activation of ester and amide prodrugs. Shows low catalytic efficiency for hydrolysis of CPT-11 (7-ethyl-10-[4-(1-piperidino)-1-piperidino]- carbonyloxycamptothecin), a prodrug for camptothecin used in cancer therapeutics.
kmeans	1	Red	21	CREG1	9606.ENSP00000359540	Protein CREG1; May contribute to the transcriptional control of cell growth and differentiation. Antagonizes transcriptional activation and cellular transformation by the adenovirus E1A protein. The transcriptional control activity of cell growth requires interaction with IGF2R; Belongs to the CREG family.
kmeans	1	Red	21	DSG4	9606.ENSP00000352785	Desmoglein-4; Component of intercellular desmosome junctions. Involved in the interaction of plaque proteins and intermediate filaments mediating cell-cell adhesion. Coordinates the transition from proliferation to differentiation in hair follicle keratinocytes (By similarity).
kmeans	1	Red	21	GUCA2A	9606.ENSP00000349493	HMW-guanylin; Endogenous activator of intestinal guanylate cyclase. It stimulates this enzyme through the same receptor binding region as the heat-stable enterotoxins; Belongs to the guanylin family.
kmeans	1	Red	21	HNMT	9606.ENSP00000280097	Histamine N-methyltransferase; Inactivates histamine by N-methylation. Plays an important role in degrading histamine and in regulating the airway response to histamine.
kmeans	1	Red	21	IGSF3	9606.ENSP00000358495	Immunoglobulin superfamily member 3.
kmeans	1	Red	21	LTBP2	9606.ENSP00000261978	Latent-transforming growth factor beta-binding protein 2; May play an integral structural role in elastic-fiber architectural organization and/or assembly. Belongs to the LTBP family.
kmeans	1	Red	21	NELL2	9606.ENSP00000416341	Protein kinase C-binding protein NELL2; Required for neuron survival through the modulation of MAPK pathways (By similarity). Involved in the regulation of hypothalamic GNRH secretion and the control of puberty (By similarity).
kmeans	1	Red	21	REG1A	9606.ENSP00000233735	Lithostathine-1-alpha; Might act as an inhibitor of spontaneous calcium carbonate precipitation. May be associated with neuronal sprouting in brain, and with brain and pancreas regeneration.
kmeans	1	Red	21	REG1B	9606.ENSP00000303206	Lithostathine-1-beta; Might act as an inhibitor of spontaneous calcium carbonate precipitation. May be associated with neuronal sprouting in brain, and with brain and pancreas regeneration.
kmeans	1	Red	21	REG4	9606.ENSP00000346158	Regenerating islet-derived protein 4; Calcium-independent lectin displaying mannose-binding specificity and able to maintain carbohydrate recognition activity in an acidic environment. May be involved in inflammatory and metaplastic responses of the gastrointestinal epithelium.
kmeans	1	Red	21	RSPO3	9606.ENSP00000349131	R-spondin-3; Activator of the canonical Wnt signaling pathway by acting as a ligand for LGR4-6 receptors, which acts as a key regulator of angiogenesis. Upon binding to LGR4-6 (LGR4, LGR5 or LGR6), LGR4-6 associate with phosphorylated LRP6 and frizzled receptors that are activated by extracellular Wnt receptors, triggering the canonical Wnt signaling pathway to increase expression of target genes. Also regulates the canonical Wnt/beta-catenin-dependent pathway and non- canonical Wnt signaling by acting as an inhibitor of ZNRF3, an important regulator of the Wnt signaling pathway. Acts  [...] 
kmeans	1	Red	21	SCGB3A2	9606.ENSP00000296694	Secretoglobin family 3A member 2; Secreted cytokine-like protein. Binds to the scavenger receptor MARCO. Can also bind to pathogens including the Gram-positive bacterium L.monocytogenes, the Gram-negative bacterium P.aeruginosa, and yeast. Strongly inhibits phospholipase A2 (PLA2G1B) activity. Seems to have anti-inflammatory effects in respiratory epithelium (By similarity). Also has anti-fibrotic activity in lung. May play a role in fetal lung development and maturation. Promotes branching morphogenesis during early stages of lung development. In the pituitary, may inhibit production  [...] 
kmeans	1	Red	21	SPINK4	9606.ENSP00000369045	Serine peptidase inhibitor Kazal type 4.
kmeans	1	Red	21	TFF1	9606.ENSP00000291527	Trefoil factor 1; Stabilizer of the mucous gel overlying the gastrointestinal mucosa that provides a physical barrier against various noxious agents. May inhibit the growth of calcium oxalate crystals in urine.
kmeans	1	Red	21	TFF2	9606.ENSP00000291526	Trefoil factor 2; Inhibits gastrointestinal motility and gastric acid secretion. Could function as a structural component of gastric mucus, possibly by stabilizing glycoproteins in the mucus gel through interactions with carbohydrate side chains (By similarity).
kmeans	1	Red	21	TFF3	9606.ENSP00000430690	Trefoil factor 3; Involved in the maintenance and repair of the intestinal mucosa. Promotes the mobility of epithelial cells in healing processes (motogen).
kmeans	1	Red	21	WFDC2	9606.ENSP00000361761	WAP four-disulfide core domain protein 2; Broad range protease inhibitor.
kmeans	2	Brown	12	BAG3	9606.ENSP00000358081	BAG family molecular chaperone regulator 3; Co-chaperone for HSP70 and HSC70 chaperone proteins. Acts as a nucleotide-exchange factor (NEF) promoting the release of ADP from the HSP70 and HSC70 proteins thereby triggering client/substrate protein release. Nucleotide release is mediated via its binding to the nucleotide-binding domain (NBD) of HSPA8/HSC70 where as the substrate release is mediated via its binding to the substrate-binding domain (SBD) of HSPA8/HSC70. Has anti- apoptotic activity. Plays a role in the HSF1 nucleocytoplasmic transport.
kmeans	2	Brown	12	CD302	9606.ENSP00000259053	CD302 antigen; Potential multifunctional C-type lectin receptor that may play roles in endocytosis and phagocytosis as well as in cell adhesion and migration.
kmeans	2	Brown	12	CRIM1	9606.ENSP00000280527	Processed cysteine-rich motor neuron 1 protein; May play a role in CNS development by interacting with growth factors implicated in motor neuron differentiation and survival. May play a role in capillary formation and maintenance during angiogenesis. Modulates BMP activity by affecting its processing and delivery to the cell surface.
kmeans	2	Brown	12	HSPB6	9606.ENSP00000004982	Heat shock protein beta-6; Small heat shock protein which functions as a molecular chaperone probably maintaining denatured proteins in a folding- competent state. Seems to have versatile functions in various biological processes. Plays a role in regulating muscle function such as smooth muscle vasorelaxation and cardiac myocyte contractility. May regulate myocardial angiogenesis implicating KDR. Overexpression mediates cardioprotection and angiogenesis after induced damage. Stabilizes monomeric YWHAZ thereby supporting YWHAZ chaperone-like activity.
kmeans	2	Brown	12	LRP11	9606.ENSP00000239367	Low-density lipoprotein receptor-related protein 11; LDL receptor related protein 11; Belongs to the LDLR family.
kmeans	2	Brown	12	LRRN1	9606.ENSP00000314901	Leucine rich repeat neuronal 1.
kmeans	2	Brown	12	PIK3IP1	9606.ENSP00000215912	Phosphoinositide-3-kinase-interacting protein 1; Negative regulator of hepatic phosphatidylinositol 3-kinase (PI3K) activity.
kmeans	2	Brown	12	PQBP1	9606.ENSP00000498362	Polyglutamine-binding protein 1; Intrinsically disordered protein that acts as a scaffold, and which is involved in different processes, such as pre-mRNA splicing, transcription regulation, innate immunity and neuron development. Interacts with splicing-related factors via the intrinsically disordered region and regulates alternative splicing of target pre-mRNA species. May suppress the ability of POU3F2 to transactivate the DRD1 gene in a POU3F2 dependent manner. Can activate transcription directly or via association with the transcription machinery. May be involved in ATXN1 mutant-in [...] 
kmeans	2	Brown	12	RAB6A	9606.ENSP00000311449	Ras-related protein Rab-6A; Protein transport. Regulator of membrane traffic from the Golgi apparatus towards the endoplasmic reticulum (ER). Has a low GTPase activity. Involved in COPI-independent retrograde transport from the Golgi to the ER ; Belongs to the small GTPase superfamily. Rab family.
kmeans	2	Brown	12	SETMAR	9606.ENSP00000373354	Histone-lysine N-methyltransferase SETMAR; Protein derived from the fusion of a methylase with the transposase of an Hsmar1 transposon that plays a role in DNA double- strand break repair, stalled replication fork restart and DNA integration. DNA-binding protein, it is indirectly recruited to sites of DNA damage through protein-protein interactions. Has also kept a sequence-specific DNA-binding activity recognizing the 19-mer core of the 5'-terminal inverted repeats (TIRs) of the Hsmar1 element and displays a DNA nicking and end joining activity. In parallel, has a histone methyltransf [...] 
kmeans	2	Brown	12	VSTM1	9606.ENSP00000343366	V-set and transmembrane domain-containing protein 1; [Isoform 2]: Behaves as a cytokine, promoting IL17A secretion by CD4+ T-cells, and differentiation and activation of IL17 producing helper T-cells (TH17).
kmeans	2	Brown	12	WNT9A	9606.ENSP00000272164	Protein Wnt-9a; Ligand for members of the frizzled family of seven transmembrane receptors. Functions in the canonical Wnt/beta-catenin signaling pathway. Required for normal timing of IHH expression during embryonic bone development, normal chondrocyte maturation and for normal bone mineralization during embryonic bone development. Plays a redundant role in maintaining joint integrity.
kmeans	3	Dark Golden Rod	17	AGXT	9606.ENSP00000302620	Alanine--glyoxylate and serine--pyruvate aminotransferase.
kmeans	3	Dark Golden Rod	17	B4GAT1	9606.ENSP00000309096	Beta-1,4-glucuronyltransferase 1; Beta-1,4-glucuronyltransferase involved in O-mannosylation of alpha-dystroglycan (DAG1). Transfers a glucuronic acid (GlcA) residue onto a xylose (Xyl) acceptor to produce the glucuronyl-beta-1,4-xylose- beta disaccharide primer, which is further elongated by LARGE1, during synthesis of phosphorylated O-mannosyl glycan. Phosphorylated O-mannosyl glycan is a carbohydrate is a carbohydrate structure present in alpha-dystroglycan (DAG1), which is required for binding laminin G-like domain-containing extracellular proteins with high affinity. Required for  [...] 
kmeans	3	Dark Golden Rod	17	CD164	9606.ENSP00000309376	Sialomucin core protein 24; Sialomucin that may play a key role in hematopoiesis by facilitating the adhesion of CD34(+) cells to the stroma and by negatively regulating CD34(+)CD38(lo/-) cell proliferation. Modulates the migration of umbilical cord blood CD133+ cells and this is mediated through the CXCL12/CXCR4 axis. May play an important role in prostate cancer metastasis and the infiltration of bone marrow by cancer cells. Promotes myogenesis by enhancing CXCR4-dependent cell motility. Positively regulates myoblast migration and promotes myoblast fusion into myotubes (By similarity).
kmeans	3	Dark Golden Rod	17	CHRDL1	9606.ENSP00000361112	Chordin-like protein 1; Antagonizes the function of BMP4 by binding to it and preventing its interaction with receptors. Alters the fate commitment of neural stem cells from gliogenesis to neurogenesis. Contributes to neuronal differentiation of neural stem cells in the brain by preventing the adoption of a glial fate. May play a crucial role in dorsoventral axis formation. May play a role in embryonic bone formation (By similarity). May also play an important role in regulating retinal angiogenesis through modulation of BMP4 actions in endothelial cells. Plays a role during anterior s [...] 
kmeans	3	Dark Golden Rod	17	CST5	9606.ENSP00000307132	Cystatin-D; Cysteine proteinase inhibitor that possibly plays a protective role against proteinases present in the oral cavity. The order of preference for inhibition is cathepsin S > cathepsin H > cathepsin L > cathepsin B.
kmeans	3	Dark Golden Rod	17	CTSV	9606.ENSP00000259470	Cathepsin L2; Cysteine protease. May have an important role in corneal physiology; Belongs to the peptidase C1 family.
kmeans	3	Dark Golden Rod	17	GGT1	9606.ENSP00000248923	Glutathione hydrolase 1 heavy chain; Cleaves the gamma-glutamyl bond of extracellular glutathione (gamma-Glu-Cys-Gly), glutathione conjugates, and other gamma-glutamyl compounds. The metabolism of glutathione releases free glutamate and the dipeptide cysteinyl-glycine, which is hydrolyzed to cysteine and glycine by dipeptidases. In the presence of high concentrations of dipeptides and some amino acids, can also catalyze a transpeptidation reaction, transferring the gamma-glutamyl moiety to an acceptor amino acid to form a new gamma-glutamyl compound. Initiates extracellular glutathione [...] 
kmeans	3	Dark Golden Rod	17	GSTA1	9606.ENSP00000335620	Glutathione S-transferase A1, N-terminally processed; Glutathione S-transferase that catalyzes the nucleophilic attack of the sulfur atom of glutathione on the electrophilic groups of a wide range of exogenous and endogenous compounds (Probable). Involved in the formation of glutathione conjugates of both prostaglandin A2 (PGA2) and prostaglandin J2 (PGJ2). It also catalyzes the isomerization of D5-androstene-3,17-dione (AD) into D4-androstene- 3,17-dione and may therefore play an important role in hormone biosynthesis. Through its glutathione-dependent peroxidase activity toward the f [...] 
kmeans	3	Dark Golden Rod	17	GSTA3	9606.ENSP00000211122	Glutathione S-transferase A3; Conjugation of reduced glutathione to a wide number of exogenous and endogenous hydrophobic electrophiles. Catalyzes isomerization reactions that contribute to the biosynthesis of steroid hormones. Efficiently catalyze obligatory double-bond isomerizations of delta(5)-androstene-3,17-dione and delta(5)-pregnene-3,20-dione, precursors to testosterone and progesterone, respectively.
kmeans	3	Dark Golden Rod	17	HPGDS	9606.ENSP00000295256	Hematopoietic prostaglandin D synthase; Bifunctional enzyme which catalyzes both the conversion of PGH2 to PGD2, a prostaglandin involved in smooth muscle contraction/relaxation and a potent inhibitor of platelet aggregation, and the conjugation of glutathione with a wide range of aryl halides and organic isothiocyanates. Also exhibits low glutathione-peroxidase activity towards cumene hydroperoxide. Belongs to the GST superfamily. Sigma family.
kmeans	3	Dark Golden Rod	17	INHBC	9606.ENSP00000308716	Inhibin beta C chain; Inhibins and activins inhibit and activate, respectively, the secretion of follitropin by the pituitary gland. Inhibins/activins are involved in regulating a number of diverse functions such as hypothalamic and pituitary hormone secretion, gonadal hormone secretion, germ cell development and maturation, erythroid differentiation, insulin secretion, nerve cell survival, embryonic axial development or bone growth, depending on their subunit composition. Inhibins appear to oppose the functions of activins; Belongs to the TGF-beta family.
kmeans	3	Dark Golden Rod	17	ISM1	9606.ENSP00000262487	Isthmin-1; Acts as an angiogenesis inhibitor. Belongs to the isthmin family.
kmeans	3	Dark Golden Rod	17	LAYN	9606.ENSP00000364765	Layilin; Receptor for hyaluronate.
kmeans	3	Dark Golden Rod	17	SCARF2	9606.ENSP00000485276	Scavenger receptor class F member 2; Probable adhesion protein, which mediates homophilic and heterophilic interactions. In contrast to SCARF1, it poorly mediates the binding and degradation of acetylated low density lipoprotein (Ac- LDL) (By similarity).
kmeans	3	Dark Golden Rod	17	SPON1	9606.ENSP00000460236	Spondin-1; Cell adhesion protein that promotes the attachment of spinal cord and sensory neuron cells and the outgrowth of neurites in vitro. May contribute to the growth and guidance of axons in both the spinal cord and the PNS (By similarity). Major factor for vascular smooth muscle cell.
kmeans	3	Dark Golden Rod	17	SULT2A1	9606.ENSP00000222002	Bile salt sulfotransferase; Sulfotransferase that utilizes 3'-phospho-5'-adenylyl sulfate (PAPS) as sulfonate donor to catalyze the sulfonation of steroids and bile acids in the liver and adrenal glands.
kmeans	3	Dark Golden Rod	17	XG	9606.ENSP00000494087	Xg glycoprotein; Belongs to the CD99 family.
kmeans	4	Green Yellow	18	ARHGAP1	9606.ENSP00000310491	Rho GTPase-activating protein 1; GTPase activator for the Rho, Rac and Cdc42 proteins, converting them to the putatively inactive GDP-bound state. Cdc42 seems to be the preferred substrate.
kmeans	4	Green Yellow	18	CA3	9606.ENSP00000285381	Carbonic anhydrase 3; Reversible hydration of carbon dioxide.
kmeans	4	Green Yellow	18	CANT1	9606.ENSP00000307674	Soluble calcium-activated nucleotidase 1; Calcium-dependent nucleotidase with a preference for UDP. The order of activity with different substrates is UDP > GDP > UTP > GTP. Has very low activity towards ADP and even lower activity towards ATP. Does not hydrolyze AMP and GMP. Involved in proteoglycan synthesis. Belongs to the apyrase family.
kmeans	4	Green Yellow	18	CDON	9606.ENSP00000376458	Cell adhesion molecule-related/down-regulated by oncogenes; Component of a cell-surface receptor complex that mediates cell-cell interactions between muscle precursor cells. Promotes differentiation of myogenic cells (By similarity).
kmeans	4	Green Yellow	18	CNDP1	9606.ENSP00000351682	Carnosine dipeptidase 1; Belongs to the peptidase M20A family.
kmeans	4	Green Yellow	18	CNTN5	9606.ENSP00000435637	Contactin-5; Contactins mediate cell surface interactions during nervous system development. Has some neurite outgrowth-promoting activity in the cerebral cortical neurons but not in hippocampal neurons. Probably involved in neuronal activity in the auditory system (By similarity).
kmeans	4	Green Yellow	18	CPM	9606.ENSP00000339157	Carboxypeptidase M; Specifically removes C-terminal basic residues (Arg or Lys) from peptides and proteins. It is believed to play important roles in the control of peptide hormone and growth factor activity at the cell surface, and in the membrane-localized degradation of extracellular proteins; Belongs to the peptidase M14 family.
kmeans	4	Green Yellow	18	FAM3B	9606.ENSP00000350673	Protein FAM3B; Induces apoptosis of alpha and beta cells in a dose- and time-dependent manner; Belongs to the FAM3 family.
kmeans	4	Green Yellow	18	FKBP4	9606.ENSP00000001008	Peptidyl-prolyl cis-trans isomerase FKBP4, N-terminally processed; Immunophilin protein with PPIase and co-chaperone activities. Component of steroid receptors heterocomplexes through interaction with heat-shock protein 90 (HSP90). May play a role in the intracellular trafficking of heterooligomeric forms of steroid hormone receptors between cytoplasm and nuclear compartments. The isomerase activity controls neuronal growth cones via regulation of TRPC1 channel opening. Acts also as a regulator of microtubule dynamics by inhibiting MAPT/TAU ability to promote microtubule assembly. May  [...] 
kmeans	4	Green Yellow	18	FUS	9606.ENSP00000254108	RNA-binding protein FUS; DNA/RNA-binding protein that plays a role in various cellular processes such as transcription regulation, RNA splicing, RNA transport, DNA repair and damage response. Binds to nascent pre-mRNAs and acts as a molecular mediator between RNA polymerase II and U1 small nuclear ribonucleoprotein thereby coupling transcription and splicing. Binds also its own pre- mRNA and autoregulates its expression; this autoregulation mechanism is mediated by non-sense-mediated decay. Plays a role in DNA repair mechanisms by promoting D-loop formation and homologous recombination [...] 
kmeans	4	Green Yellow	18	LY6D	9606.ENSP00000301263	Lymphocyte antigen 6D; May act as a specification marker at earliest stage specification of lymphocytes between B- and T-cell development. Marks the earliest stage of B-cell specification.
kmeans	4	Green Yellow	18	MANSC1	9606.ENSP00000438205	MANSC domain containing 1.
kmeans	4	Green Yellow	18	NPDC1	9606.ENSP00000360660	Neural proliferation differentiation and control protein 1; Suppresses oncogenic transformation in neural and non-neural cells and down-regulates neural cell proliferation. Might be involved in transcriptional regulation (By similarity); Belongs to the NPDC1/cab-1 family.
kmeans	4	Green Yellow	18	NT5C3A	9606.ENSP00000476480	Cytosolic 5'-nucleotidase 3A; Nucleotidase which shows specific activity towards cytidine monophosphate (CMP) and 7-methylguanosine monophosphate (m(7)GMP). CMP seems to be the preferred substrate ; Belongs to the pyrimidine 5'-nucleotidase family.
kmeans	4	Green Yellow	18	PILRA	9606.ENSP00000198536	Paired immunoglobulin-like type 2 receptor alpha; Paired receptors consist of highly related activating and inhibitory receptors and are widely involved in the regulation of the immune system. PILRA is thought to act as a cellular signaling inhibitory receptor by recruiting cytoplasmic phosphatases like PTPN6/SHP-1 and PTPN11/SHP-2 via their SH2 domains that block signal transduction through dephosphorylation of signaling molecules. Receptor for PIANP.
kmeans	4	Green Yellow	18	RRM2B	9606.ENSP00000251810	Ribonucleoside-diphosphate reductase subunit M2 B; Plays a pivotal role in cell survival by repairing damaged DNA in a p53/TP53-dependent manner. Supplies deoxyribonucleotides for DNA repair in cells arrested at G1 or G2. Contains an iron-tyrosyl free radical center required for catalysis. Forms an active ribonucleotide reductase (RNR) complex with RRM1 which is expressed both in resting and proliferating cells in response to DNA damage. Belongs to the ribonucleoside diphosphate reductase small chain family.
kmeans	4	Green Yellow	18	SCGN	9606.ENSP00000367197	Secretagogin, EF-hand calcium binding protein.
kmeans	4	Green Yellow	18	VWA1	9606.ENSP00000417185	Von Willebrand factor A domain-containing protein 1; Promotes matrix assembly.
kmeans	5	Green 2	11	ACAA1	9606.ENSP00000333664	3-ketoacyl-CoA thiolase, peroxisomal; acetyl-CoA acyltransferase 1; Belongs to the thiolase-like superfamily. Thiolase family.
kmeans	5	Green 2	11	APOM	9606.ENSP00000365081	Apolipoprotein M; Probably involved in lipid transport. Can bind sphingosine-1- phosphate, myristic acid, palmitic acid and stearic acid, retinol, all- trans-retinoic acid and 9-cis-retinoic acid.
kmeans	5	Green 2	11	ARSA	9606.ENSP00000216124	Arylsulfatase A component B; Hydrolyzes cerebroside sulfate.
kmeans	5	Green 2	11	CA5A	9606.ENSP00000498065	Carbonic anhydrase 5A, mitochondrial; Reversible hydration of carbon dioxide. Low activity.
kmeans	5	Green 2	11	CLEC5A	9606.ENSP00000449999	C-type lectin domain family 5 member A; Functions as a positive regulator of osteoclastogenesis (By similarity). Cell surface receptor that signals via TYROBP. Regulates inflammatory responses (By similarity).
kmeans	5	Green 2	11	ESM1	9606.ENSP00000370812	Endothelial cell-specific molecule 1; Involved in angiogenesis; promotes angiogenic sprouting. May have potent implications in lung endothelial cell-leukocyte interactions.
kmeans	5	Green 2	11	ITIH3	9606.ENSP00000415769	Inter-alpha-trypsin inhibitor heavy chain H3; May act as a carrier of hyaluronan in serum or as a binding protein between hyaluronan and other matrix protein, including those on cell surfaces in tissues to regulate the localization, synthesis and degradation of hyaluronan which are essential to cells undergoing biological processes.
kmeans	5	Green 2	11	PTPRN2	9606.ENSP00000374069	Receptor-type tyrosine-protein phosphatase N2; Plays a role in vesicle-mediated secretory processes. Required for normal accumulation of secretory vesicles in hippocampus, pituitary and pancreatic islets. Required for the accumulation of normal levels of insulin-containing vesicles and preventing their degradation. Plays a role in insulin secretion in response to glucose stimuli. Required for normal accumulation of the neurotransmitters norepinephrine, dopamine and serotonin in the brain. In females, but not in males, required for normal accumulation and secretion of pituitary hormones [...] 
kmeans	5	Green 2	11	SERPINA11	9606.ENSP00000335024	Serpin family A member 11.
kmeans	5	Green 2	11	SIRPB1	9606.ENSP00000371018	Signal-regulatory protein beta-1; Immunoglobulin-like cell surface receptor involved in the negative regulation of receptor tyrosine kinase-coupled signaling processes. Participates also in the recruitment of tyrosine kinase SYK. Triggers activation of myeloid cells when associated with TYROBP.
kmeans	5	Green 2	11	VSIG4	9606.ENSP00000363869	V-set and immunoglobulin domain-containing protein 4; Phagocytic receptor, strong negative regulator of T-cell proliferation and IL2 production. Potent inhibitor of the alternative complement pathway convertases.
kmeans	6	Green	14	EDA2R	9606.ENSP00000379365	Tumor necrosis factor receptor superfamily member 27; Receptor for EDA isoform A2, but not for EDA isoform A1. Mediates the activation of the NF-kappa-B and JNK pathways. Activation seems to be mediated by binding to TRAF3 and TRAF6.
kmeans	6	Green	14	EDAR	9606.ENSP00000258443	Tumor necrosis factor receptor superfamily member EDAR; Receptor for EDA isoform A1, but not for EDA isoform A2. Mediates the activation of NF-kappa-B and JNK. May promote caspase- independent cell death.
kmeans	6	Green	14	LTBR	9606.ENSP00000228918	Tumor necrosis factor receptor superfamily member 3; Receptor for the heterotrimeric lymphotoxin containing LTA and LTB, and for TNFS14/LIGHT. Promotes apoptosis via TRAF3 and TRAF5. May play a role in the development of lymphoid organs.
kmeans	6	Green	14	MVK	9606.ENSP00000228510	Mevalonate kinase; Catalyzes the phosphorylation of mevalonate to mevalonate 5- phosphate, a key step in isoprenoid and cholesterol biosynthesis ; Belongs to the GHMP kinase family. Mevalonate kinase subfamily.
kmeans	6	Green	14	REG3A	9606.ENSP00000377456	Regenerating islet-derived protein 3-alpha 16.5 kDa form; Bactericidal C-type lectin which acts exclusively against Gram-positive bacteria and mediates bacterial killing by binding to surface-exposed carbohydrate moieties of peptidoglycan. Regulates keratinocyte proliferation and differentiation after skin injury via activation of EXTL3-PI3K-AKT signaling pathway.
kmeans	6	Green	14	TNFRSF10B	9606.ENSP00000276431	Tumor necrosis factor receptor superfamily member 10B; Receptor for the cytotoxic ligand TNFSF10/TRAIL. The adapter molecule FADD recruits caspase-8 to the activated receptor. The resulting death-inducing signaling complex (DISC) performs caspase-8 proteolytic activation which initiates the subsequent cascade of caspases (aspartate-specific cysteine proteases) mediating apoptosis. Promotes the activation of NF-kappa-B. Essential for ER stress-induced apoptosis.
kmeans	6	Green	14	TNFRSF12A	9606.ENSP00000326737	Tumor necrosis factor receptor superfamily member 12A; Receptor for TNFSF12/TWEAK. Weak inducer of apoptosis in some cell types. Promotes angiogenesis and the proliferation of endothelial cells. May modulate cellular adhesion to matrix proteins.
kmeans	6	Green	14	TNFRSF19	9606.ENSP00000371693	Tumor necrosis factor receptor superfamily member 19; Can mediate activation of JNK and NF-kappa-B. May promote caspase-independent cell death.
kmeans	6	Green	14	TNFRSF1A	9606.ENSP00000162749	Tumor necrosis factor receptor superfamily member 1A, membrane form; Receptor for TNFSF2/TNF-alpha and homotrimeric TNFSF1/lymphotoxin-alpha. The adapter molecule FADD recruits caspase-8 to the activated receptor. The resulting death-inducing signaling complex (DISC) performs caspase-8 proteolytic activation which initiates the subsequent cascade of caspases (aspartate-specific cysteine proteases) mediating apoptosis. Contributes to the induction of non-cytocidal TNF effects including anti-viral state and activation of the acid sphingomyelinase.
kmeans	6	Green	14	TNFRSF1B	9606.ENSP00000365435	Tumor necrosis factor receptor superfamily member 1b, membrane form; Receptor with high affinity for TNFSF2/TNF-alpha and approximately 5-fold lower affinity for homotrimeric TNFSF1/lymphotoxin-alpha. The TRAF1/TRAF2 complex recruits the apoptotic suppressors BIRC2 and BIRC3 to TNFRSF1B/TNFR2. This receptor mediates most of the metabolic effects of TNF-alpha. Isoform 2 blocks TNF-alpha-induced apoptosis, which suggests that it regulates TNF-alpha function by antagonizing its biological activity.
kmeans	6	Green	14	TNFRSF4	9606.ENSP00000368538	Tumor necrosis factor receptor superfamily member 4; Receptor for TNFSF4/OX40L/GP34. Is a costimulatory molecule implicated in long-term T-cell immunity.
kmeans	6	Green	14	TNFRSF6B	9606.ENSP00000359013	Tumor necrosis factor receptor superfamily member 6B; Decoy receptor that can neutralize the cytotoxic ligands TNFS14/LIGHT, TNFSF15 and TNFSF6/FASL. Protects against apoptosis.
kmeans	6	Green	14	TNFRSF9	9606.ENSP00000478699	Tumor necrosis factor receptor superfamily member 9; Receptor for TNFSF9/4-1BBL. Possibly active during T cell activation.
kmeans	6	Green	14	TNFSF12	9606.ENSP00000293825	Tumor necrosis factor ligand superfamily member 12, membrane form; Binds to FN14 and possibly also to TNRFSF12/APO3. Weak inducer of apoptosis in some cell types. Mediates NF-kappa-B activation. Promotes angiogenesis and the proliferation of endothelial cells. Also involved in induction of inflammatory cytokines. Promotes IL8 secretion; Belongs to the tumor necrosis factor family.
kmeans	7	Blue	46	ADM	9606.ENSP00000436607	Proadrenomedullin N-20 terminal peptide; AM and PAMP are potent hypotensive and vasodilatator agents. Numerous actions have been reported most related to the physiologic control of fluid and electrolyte homeostasis. In the kidney, am is diuretic and natriuretic, and both am and pamp inhibit aldosterone secretion by direct adrenal actions. In pituitary gland, both peptides at physiologically relevant doses inhibit basal ACTH secretion. Both peptides appear to act in brain and pituitary gland to facilitate the loss of plasma volume, actions which complement their hypotensive effects in b [...] 
kmeans	7	Blue	46	C1QA	9606.ENSP00000363773	Complement C1q subcomponent subunit A; C1q associates with the proenzymes C1r and C1s to yield C1, the first component of the serum complement system. The collagen-like regions of C1q interact with the Ca(2+)-dependent C1r(2)C1s(2) proenzyme complex, and efficient activation of C1 takes place on interaction of the globular heads of C1q with the Fc regions of IgG or IgM antibody present in immune complexes.
kmeans	7	Blue	46	CD74	9606.ENSP00000009530	HLA class II histocompatibility antigen gamma chain; Plays a critical role in MHC class II antigen processing by stabilizing peptide-free class II alpha/beta heterodimers in a complex soon after their synthesis and directing transport of the complex from the endoplasmic reticulum to the endosomal/lysosomal system where the antigen processing and binding of antigenic peptides to MHC class II takes place. Serves as cell surface receptor for the cytokine MIF.
kmeans	7	Blue	46	CHI3L1	9606.ENSP00000255409	Chitinase-3-like protein 1; Carbohydrate-binding lectin with a preference for chitin. Has no chitinase activity. May play a role in tissue remodeling and in the capacity of cells to respond to and cope with changes in their environment. Plays a role in T-helper cell type 2 (Th2) inflammatory response and IL-13-induced inflammation, regulating allergen sensitization, inflammatory cell apoptosis, dendritic cell accumulation and M2 macrophage differentiation. Facilitates invasion of pathogenic enteric bacteria into colonic mucosa and lymphoid organs. Mediates activation of AKT1 signaling  [...] 
kmeans	7	Blue	46	CX3CL1	9606.ENSP00000006053	Processed fractalkine; Acts as a ligand for both CX3CR1 and integrins. Binds to CX3CR1. Binds to integrins ITGAV:ITGB3 and ITGA4:ITGB1. Can activate integrins in both a CX3CR1-dependent and CX3CR1-independent manner. In the presence of CX3CR1, activates integrins by binding to the classical ligand-binding site (site 1) in integrins. In the absence of CX3CR1, binds to a second site (site 2) in integrins which is distinct from site 1 and enhances the binding of other integrin ligands to site 1. The soluble form is chemotactic for T-cells and monocytes and not for neutrophils. The membran [...] 
kmeans	7	Blue	46	CXCL9	9606.ENSP00000354901	C-X-C motif chemokine 9; Cytokine that affects the growth, movement, or activation state of cells that participate in immune and inflammatory response. Chemotactic for activated T-cells. Binds to CXCR3; Belongs to the intercrine alpha (chemokine CxC) family.
kmeans	7	Blue	46	DLL1	9606.ENSP00000355718	Delta-like protein 1; Transmembrane ligand protein of NOTCH1, NOTCH2 and NOTCH3 receptors that binds the extracellular domain (ECD) of Notch receptor in a cis and trans fashion manner. Following transinteraction, ligand cells produce mechanical force that depends of a clathrin-mediated endocytosis, requiring ligand ubiquitination, EPN1 interaction, and actin polymerisation; these events promote Notch receptor extracellular domain (NECD) transendocytosis and triggers Notch signaling through induction of cleavage, hyperphosphorylation, and nuclear accumulation of the intracellular domain [...] 
kmeans	7	Blue	46	DPP4	9606.ENSP00000353731	Dipeptidyl peptidase 4 membrane form; Cell surface glycoprotein receptor involved in the costimulatory signal essential for T-cell receptor (TCR)-mediated T- cell activation. Acts as a positive regulator of T-cell coactivation, by binding at least ADA, CAV1, IGF2R, and PTPRC. Its binding to CAV1 and CARD11 induces T-cell proliferation and NF-kappa-B activation in a T-cell receptor/CD3-dependent manner. Its interaction with ADA also regulates lymphocyte-epithelial cell adhesion. In association with FAP is involved in the pericellular proteolysis of the extracellular matrix (ECM), the mi [...] 
kmeans	7	Blue	46	DSC2	9606.ENSP00000280904	Desmocollin-2; Component of intercellular desmosome junctions. Involved in the interaction of plaque proteins and intermediate filaments mediating cell-cell adhesion. May contribute to epidermal cell positioning (stratification) by mediating differential adhesiveness between cells that express different isoforms.
kmeans	7	Blue	46	FABP4	9606.ENSP00000256104	Fatty acid-binding protein, adipocyte; Lipid transport protein in adipocytes. Binds both long chain fatty acids and retinoic acid. Delivers long-chain fatty acids and retinoic acid to their cognate receptors in the nucleus. Belongs to the calycin superfamily. Fatty-acid binding protein (FABP) family.
kmeans	7	Blue	46	FAP	9606.ENSP00000188790	Antiplasmin-cleaving enzyme FAP, soluble form; Cell surface glycoprotein serine protease that participates in extracellular matrix degradation and involved in many cellular processes including tissue remodeling, fibrosis, wound healing, inflammation and tumor growth. Both plasma membrane and soluble forms exhibit post-proline cleaving endopeptidase activity, with a marked preference for Ala/Ser-Gly-Pro-Ser/Asn/Ala consensus sequences, on substrate such as alpha-2-antiplasmin SERPINF2 and SPRY2. Degrade also gelatin, heat-denatured type I collagen, but not native collagen type I and IV, [...] 
kmeans	7	Blue	46	FLT3LG	9606.ENSP00000469613	Fms-related tyrosine kinase 3 ligand; Stimulates the proliferation of early hematopoietic cells by activating FLT3. Synergizes well with a number of other colony stimulating factors and interleukins.
kmeans	7	Blue	46	FST	9606.ENSP00000256759	Follistatin; Binds directly to activin and functions as an activin antagonist. Specific inhibitor of the biosynthesis and secretion of pituitary follicle stimulating hormone (FSH).
kmeans	7	Blue	46	FURIN	9606.ENSP00000483552	Furin; Ubiquitous endoprotease within constitutive secretory pathways capable of cleavage at the RX(K/R)R consensus motif. Mediates processing of TGFB1, an essential step in TGF-beta-1 activation. (Microbial infection) Required for H7N1 and H5N1 influenza virus infection probably by cleaving hemagglutinin.
kmeans	7	Blue	46	GFAP	9606.ENSP00000253408	Glial fibrillary acidic protein; GFAP, a class-III intermediate filament, is a cell-specific marker that, during the development of the central nervous system, distinguishes astrocytes from other glial cells.
kmeans	7	Blue	46	GUSB	9606.ENSP00000302728	Beta-glucuronidase; Plays an important role in the degradation of dermatan and keratan sulfates; Belongs to the glycosyl hydrolase 2 family.
kmeans	7	Blue	46	HAVCR1	9606.ENSP00000487363	Hepatitis A virus cellular receptor 1; May play a role in T-helper cell development and the regulation of asthma and allergic diseases. Receptor for TIMD4 (By similarity). May play a role in kidney injury and repair. (Microbial infection) Acts as a receptor for Ebolavirus and Marburg virus by binding exposed phosphatidyl-serine at the surface of virion membrane; Belongs to the immunoglobulin superfamily. TIM family.
kmeans	7	Blue	46	IGFBP4	9606.ENSP00000269593	Insulin-like growth factor-binding protein 4; IGF-binding proteins prolong the half-life of the IGFs and have been shown to either inhibit or stimulate the growth promoting effects of the IGFs on cell culture. They alter the interaction of IGFs with their cell surface receptors.
kmeans	7	Blue	46	IL15	9606.ENSP00000296545	Interleukin-15; Cytokine that stimulates the proliferation of T-lymphocytes. Stimulation by IL15 requires interaction of IL15 with components of the IL2 receptor, including IL2RB and probably IL2RG but not IL2RA. In neutrophils, stimulates phagocytosis probably by signaling through the IL15 receptor, composed of the subunits IL15RA, IL2RB and IL2RG, which results in kinase SYK activation ; Belongs to the IL-15/IL-21 family.
kmeans	7	Blue	46	IL15RA	9606.ENSP00000380421	Soluble interleukin-15 receptor subunit alpha; High-affinity receptor for interleukin-15. Can signal both in cis and trans where IL15R from one subset of cells presents IL15 to neighboring IL2RG-expressing cells (By similarity). In neutrophils, binds and activates kinase SYK in response to IL15 stimulation. In neutrophils, required for IL15- induced phagocytosis in a SYK-dependent manner. Expression of different isoforms may alter or interfere with signal transduction. [Isoform 6]: Does not bind IL15.  [Isoform 8]: Does not bind IL15.
kmeans	7	Blue	46	IL17C	9606.ENSP00000244241	Interleukin-17C; Cytokine that plays a crucial role in innate immunity of the epithelium, including to intestinal bacterial pathogens, in an autocrine manner. Stimulates the production of antibacterial peptides and proinflammatory molecules for host defense by signaling through the NF-kappa-B and MAPK pathways. Acts synergically with IL22 in inducing the expression of antibacterial peptides, including S100A8, S100A9, REG3A and REG3G. Synergy is also observed with TNF and IL1B in inducing DEFB2 from keratinocytes. Depending on the type of insult, may have both protective and pathogenic  [...] 
kmeans	7	Blue	46	IL18BP	9606.ENSP00000434717	Interleukin-18-binding protein; Isoform A binds to IL-18 and inhibits its activity. Functions as an inhibitor of the early TH1 cytokine response.
kmeans	7	Blue	46	IL1R1	9606.ENSP00000386380	Interleukin-1 receptor type 1, membrane form; Receptor for IL1A, IL1B and IL1RN. After binding to interleukin-1 associates with the coreceptor IL1RAP to form the high affinity interleukin-1 receptor complex which mediates interleukin-1- dependent activation of NF-kappa-B, MAPK and other pathways. Signaling involves the recruitment of adapter molecules such as TOLLIP, MYD88, and IRAK1 or IRAK2 via the respective TIR domains of the receptor/coreceptor subunits. Binds ligands with comparable affinity and binding of antagonist IL1RN prevents association with IL1RAP to form a signaling comp [...] 
kmeans	7	Blue	46	IL1RL1	9606.ENSP00000233954	Interleukin-1 receptor-like 1; Receptor for interleukin-33 (IL-33); signaling requires association of the coreceptor IL1RAP. Its stimulation recruits MYD88, IRAK1, IRAK4, and TRAF6, followed by phosphorylation of MAPK3/ERK1 and/or MAPK1/ERK2, MAPK14, and MAPK8. Possibly involved in helper T- cell function.
kmeans	7	Blue	46	IL2RA	9606.ENSP00000369293	Interleukin-2 receptor subunit alpha; Receptor for interleukin-2. The receptor is involved in the regulation of immune tolerance by controlling regulatory T cells (TREGs) activity. TREGs suppress the activation and expansion of autoreactive T-cells.
kmeans	7	Blue	46	IL32	9606.ENSP00000431775	Interleukin-32; Cytokine that may play a role in innate and adaptive immune responses. It induces various cytokines such as TNFA/TNF-alpha and IL8. It activates typical cytokine signal pathways of NF-kappa-B and p38 MAPK.
kmeans	7	Blue	46	IL4R	9606.ENSP00000379111	Soluble interleukin-4 receptor subunit alpha; Receptor for both interleukin 4 and interleukin 13. Couples to the JAK1/2/3-STAT6 pathway. The IL4 response is involved in promoting Th2 differentiation. The IL4/IL13 responses are involved in regulating IgE production and, chemokine and mucus production at sites of allergic inflammation. In certain cell types, can signal through activation of insulin receptor substrates, IRS1/IRS2.
kmeans	7	Blue	46	IL6	9606.ENSP00000385675	Interleukin-6; Cytokine with a wide variety of biological functions. It is a potent inducer of the acute phase response. Plays an essential role in the final differentiation of B-cells into Ig-secreting cells Involved in lymphocyte and monocyte differentiation. Acts on B-cells, T-cells, hepatocytes, hematopoietic progenitor cells and cells of the CNS. Required for the generation of T(H)17 cells. Also acts as a myokine. It is discharged into the bloodstream after muscle contraction and acts to increase the breakdown of fats and to improve insulin resistance. It induces myeloma and plasm [...] 
kmeans	7	Blue	46	ITGAM	9606.ENSP00000496959	Integrin alpha-M; Integrin ITGAM/ITGB2 is implicated in various adhesive interactions of monocytes, macrophages and granulocytes as well as in mediating the uptake of complement-coated particles and pathogens. It is identical with CR-3, the receptor for the iC3b fragment of the third complement component. It probably recognizes the R-G-D peptide in C3b. Integrin ITGAM/ITGB2 is also a receptor for fibrinogen, factor X and ICAM1. It recognizes P1 and P2 peptides of fibrinogen gamma chain. Regulates neutrophil migration. In association with beta subunit ITGB2/CD18, required for CD177-PRTN [...] 
kmeans	7	Blue	46	LEP	9606.ENSP00000312652	Leptin; Key player in the regulation of energy balance and body weight control. Once released into the circulation, has central and peripheral effects by binding LEPR, found in many tissues, which results in the activation of several major signaling pathways. In the hypothalamus, acts as an appetite-regulating factor that induces a decrease in food intake and an increase in energy consumption by inducing anorexinogenic factors and suppressing orexigenic neuropeptides, also regulates bone mass and secretion of hypothalamo- pituitary-adrenal hormones. In the periphery, increases basal me [...] 
kmeans	7	Blue	46	MERTK	9606.ENSP00000295408	Tyrosine-protein kinase Mer; Receptor tyrosine kinase that transduces signals from the extracellular matrix into the cytoplasm by binding to several ligands including LGALS3, TUB, TULP1 or GAS6. Regulates many physiological processes including cell survival, migration, differentiation, and phagocytosis of apoptotic cells (efferocytosis). Ligand binding at the cell surface induces autophosphorylation of MERTK on its intracellular domain that provides docking sites for downstream signaling molecules. Following activation by ligand, interacts with GRB2 or PLCG2 and induces phosphorylation [...] 
kmeans	7	Blue	46	MMP3	9606.ENSP00000299855	Stromelysin-1; Can degrade fibronectin, laminin, gelatins of type I, III, IV, and V; collagens III, IV, X, and IX, and cartilage proteoglycans. Activates procollagenase; Belongs to the peptidase M10A family.
kmeans	7	Blue	46	MMP8	9606.ENSP00000236826	Neutrophil collagenase; Can degrade fibrillar type I, II, and III collagens; Belongs to the peptidase M10A family.
kmeans	7	Blue	46	NPPB	9606.ENSP00000365651	Brain natriuretic peptide 32; Cardiac hormone which may function as a paracrine antifibrotic factor in the heart. Also plays a key role in cardiovascular homeostasis through natriuresis, diuresis, vasorelaxation, and inhibition of renin and aldosterone secretion. Specifically binds and stimulates the cGMP production of the NPR1 receptor. Binds the clearance receptor NPR3. Belongs to the natriuretic peptide family.
kmeans	7	Blue	46	OXT	9606.ENSP00000217386	Oxytocin-neurophysin 1; Neurophysin 1 specifically binds oxytocin.
kmeans	7	Blue	46	PDCD1LG2	9606.ENSP00000380855	Programmed cell death 1 ligand 2; Involved in the costimulatory signal, essential for T-cell proliferation and IFNG production in a PDCD1-independent manner. Interaction with PDCD1 inhibits T-cell proliferation by blocking cell cycle progression and cytokine production (By similarity).
kmeans	7	Blue	46	PLAT	9606.ENSP00000220809	Tissue-type plasminogen activator chain A; Converts the abundant, but inactive, zymogen plasminogen to plasmin by hydrolyzing a single Arg-Val bond in plasminogen. By controlling plasmin-mediated proteolysis, it plays an important role in tissue remodeling and degradation, in cell migration and many other physiopathological events. Plays a direct role in facilitating neuronal migration; Belongs to the peptidase S1 family.
kmeans	7	Blue	46	PLAU	9606.ENSP00000361850	Urokinase-type plasminogen activator short chain A; Specifically cleaves the zymogen plasminogen to form the active enzyme plasmin.
kmeans	7	Blue	46	PTGDS	9606.ENSP00000360687	Prostaglandin-H2 D-isomerase; Catalyzes the conversion of PGH2 to PGD2, a prostaglandin involved in smooth muscle contraction/relaxation and a potent inhibitor of platelet aggregation. Involved in a variety of CNS functions, such as sedation, NREM sleep and PGE2-induced allodynia, and may have an anti-apoptotic role in oligodendrocytes. Binds small non-substrate lipophilic molecules, including biliverdin, bilirubin, retinal, retinoic acid and thyroid hormone, and may act as a scavenger for harmful hydrophobic molecules and as a secretory retinoid and thyroid hormone transporter. Possib [...] 
kmeans	7	Blue	46	PTX3	9606.ENSP00000295927	Pentraxin-related protein PTX3; Plays a role in the regulation of innate resistance to pathogens, inflammatory reactions, possibly clearance of self- components and female fertility.
kmeans	7	Blue	46	RARRES2	9606.ENSP00000418009	Retinoic acid receptor responder protein 2; Adipocyte-secreted protein (adipokine) that regulates adipogenesis, metabolism and inflammation through activation of the chemokine-like receptor 1 (CMKLR1). Its other ligands include G protein-coupled receptor 1 (GPR1) and chemokine receptor-like 2 (CCRL2). Positively regulates adipocyte differentiation, modulates the expression of adipocyte genes involved in lipid and glucose metabolism and might play a role in angiogenesis, a process essential for the expansion of white adipose tissue. Also acts as a proinflammatory adipokine, causing an i [...] 
kmeans	7	Blue	46	REN	9606.ENSP00000272190	Renin; Renin is a highly specific endopeptidase, whose only known function is to generate angiotensin I from angiotensinogen in the plasma, initiating a cascade of reactions that produce an elevation of blood pressure and increased sodium retention by the kidney.
kmeans	7	Blue	46	RETN	9606.ENSP00000221515	Resistin; Hormone that seems to suppress insulin ability to stimulate glucose uptake into adipose cells (By similarity). Potentially links obesity to diabetes (By similarity). Promotes chemotaxis in myeloid cells.
kmeans	7	Blue	46	TNFRSF11B	9606.ENSP00000297350	Tumor necrosis factor receptor superfamily member 11B; Acts as decoy receptor for TNFSF11/RANKL and thereby neutralizes its function in osteoclastogenesis. Inhibits the activation of osteoclasts and promotes osteoclast apoptosis in vitro. Bone homeostasis seems to depend on the local ratio between TNFSF11 and TNFRSF11B. May also play a role in preventing arterial calcification. May act as decoy receptor for TNFSF10/TRAIL and protect against apoptosis. TNFSF10/TRAIL binding blocks the inhibition of osteoclastogenesis.
kmeans	7	Blue	46	TNFSF11	9606.ENSP00000381775	Tumor necrosis factor ligand superfamily member 11, membrane form; Cytokine that binds to TNFRSF11B/OPG and to TNFRSF11A/RANK. Osteoclast differentiation and activation factor. Augments the ability of dendritic cells to stimulate naive T-cell proliferation. May be an important regulator of interactions between T-cells and dendritic cells and may play a role in the regulation of the T-cell-dependent immune response. May also play an important role in enhanced bone-resorption in humoral hypercalcemia of malignancy. Induces osteoclastogenesis by activating multiple signaling pathways in o [...] 
kmeans	7	Blue	46	VCAM1	9606.ENSP00000294728	Vascular cell adhesion protein 1; Important in cell-cell recognition. Appears to function in leukocyte-endothelial cell adhesion. Interacts with integrin alpha- 4/beta-1 (ITGA4/ITGB1) on leukocytes, and mediates both adhesion and signal transduction. The VCAM1/ITGA4/ITGB1 interaction may play a pathophysiologic role both in immune responses and in leukocyte emigration to sites of inflammation.
kmeans	8	Light Sky Blue	19	ADAMTS8	9606.ENSP00000257359	A disintegrin and metalloproteinase with thrombospondin motifs 8; Has anti-angiogenic properties.
kmeans	8	Light Sky Blue	19	BCAN	9606.ENSP00000331210	Brevican core protein; May play a role in the terminally differentiating and the adult nervous system during postnatal development. Could stabilize interactions between hyaluronan (HA) and brain proteoglycans; Belongs to the aggrecan/versican proteoglycan family.
kmeans	8	Light Sky Blue	19	CCDC80	9606.ENSP00000206423	Coiled-coil domain-containing protein 80; Promotes cell adhesion and matrix assembly.
kmeans	8	Light Sky Blue	19	FCN2	9606.ENSP00000291744	Ficolin-2; May function in innate immunity through activation of the lectin complement pathway. Calcium-dependent and GlcNAc-binding lectin. Enhances phagocytosis of S.typhimurium by neutrophils, suggesting an opsonic effect via the collagen region.
kmeans	8	Light Sky Blue	19	GPC5	9606.ENSP00000366267	Secreted glypican-5; Cell surface proteoglycan that bears heparan sulfate. Belongs to the glypican family.
kmeans	8	Light Sky Blue	19	ITGA11	9606.ENSP00000327290	Integrin alpha-11; Integrin alpha-11/beta-1 is a receptor for collagen.
kmeans	8	Light Sky Blue	19	MMP7	9606.ENSP00000260227	Matrilysin; Degrades casein, gelatins of types I, III, IV, and V, and fibronectin. Activates procollagenase.
kmeans	8	Light Sky Blue	19	NOMO1	9606.ENSP00000287667	Nodal modulator 1; May antagonize Nodal signaling.
kmeans	8	Light Sky Blue	19	OMG	9606.ENSP00000247271	Oligodendrocyte-myelin glycoprotein; Cell adhesion molecule contributing to the interactive process required for myelination in the central nervous system.
kmeans	8	Light Sky Blue	19	PRELP	9606.ENSP00000343924	Prolargin; May anchor basement membranes to the underlying connective tissue.
kmeans	8	Light Sky Blue	19	PROC	9606.ENSP00000234071	Vitamin K-dependent protein C heavy chain; Protein C is a vitamin K-dependent serine protease that regulates blood coagulation by inactivating factors Va and VIIIa in the presence of calcium ions and phospholipids. Exerts a protective effect on the endothelial cell barrier function ; Belongs to the peptidase S1 family.
kmeans	8	Light Sky Blue	19	PSG1	9606.ENSP00000308970	Pregnancy specific beta-1-glycoprotein 1; Belongs to the immunoglobulin superfamily. CEA family.
kmeans	8	Light Sky Blue	19	SCG2	9606.ENSP00000304133	Secretogranin-2; Neuroendocrine protein of the granin family that regulates the biogenesis of secretory granules.
kmeans	8	Light Sky Blue	19	SPOCK1	9606.ENSP00000378401	Testican-1; May play a role in cell-cell and cell-matrix interactions. May contribute to various neuronal mechanisms in the central nervous system.
kmeans	8	Light Sky Blue	19	TNC	9606.ENSP00000265131	Tenascin; Extracellular matrix protein implicated in guidance of migrating neurons as well as axons during development, synaptic plasticity as well as neuronal regeneration. Promotes neurite outgrowth from cortical neurons grown on a monolayer of astrocytes. Ligand for integrins alpha-8/beta-1, alpha-9/beta-1, alpha-V/beta-3 and alpha- V/beta-6. In tumors, stimulates angiogenesis by elongation, migration and sprouting of endothelial cells.
kmeans	8	Light Sky Blue	19	TNXB	9606.ENSP00000407685	Tenascin-X; Appears to mediate interactions between cells and the extracellular matrix. Substrate-adhesion molecule that appears to inhibit cell migration. Accelerates collagen fibril formation. May play a role in supporting the growth of epithelial tumors.
kmeans	8	Light Sky Blue	19	TSHB	9606.ENSP00000256592	Thyrotropin subunit beta; Indispensable for the control of thyroid structure and metabolism; Belongs to the glycoprotein hormones subunit beta family.
kmeans	8	Light Sky Blue	19	VCAN	9606.ENSP00000265077	Versican core protein; May play a role in intercellular signaling and in connecting cells with the extracellular matrix. May take part in the regulation of cell motility, growth and differentiation. Binds hyaluronic acid.
kmeans	8	Light Sky Blue	19	WFIKKN1	9606.ENSP00000324763	WAP, Kazal, immunoglobulin, Kunitz and NTR domain-containing protein 1; Protease-inhibitor that contains multiple distinct protease inhibitor domains. Probably has serine protease- and metalloprotease- inhibitor activity (By similarity).
kmeans	9	Medium Blue	18	CALB1	9606.ENSP00000265431	Calbindin; Buffers cytosolic calcium. May stimulate a membrane Ca(2+)- ATPase and a 3',5'-cyclic nucleotide phosphodiesterase.
kmeans	9	Medium Blue	18	CALB2	9606.ENSP00000307508	Calretinin; Calretinin is a calcium-binding protein which is abundant in auditory neurons; Belongs to the calbindin family.
kmeans	9	Medium Blue	18	CD99L2	9606.ENSP00000480322	CD99 antigen-like protein 2; Plays a role in a late step of leukocyte extravasation helping cells to overcome the endothelial basement membrane. Acts at the same site as, but independently of, PECAM1 (By similarity). Homophilic adhesion molecule, but these interactions may not be required for cell aggregation (By similarity); Belongs to the CD99 family.
kmeans	9	Medium Blue	18	COL4A1	9606.ENSP00000364979	Collagen alpha-1(IV) chain; Type IV collagen is the major structural component of glomerular basement membranes (GBM), forming a 'chicken-wire' meshwork together with laminins, proteoglycans and entactin/nidogen.
kmeans	9	Medium Blue	18	COL6A3	9606.ENSP00000295550	Collagen alpha-3(VI) chain; Collagen VI acts as a cell-binding protein.
kmeans	9	Medium Blue	18	GDNF	9606.ENSP00000409007	Glial cell line-derived neurotrophic factor; Neurotrophic factor that enhances survival and morphological differentiation of dopaminergic neurons and increases their high- affinity dopamine uptake; Belongs to the TGF-beta family. GDNF subfamily.
kmeans	9	Medium Blue	18	GFRA1	9606.ENSP00000347591	GDNF family receptor alpha-1; Receptor for GDNF. Mediates the GDNF-induced autophosphorylation and activation of the RET receptor (By similarity).
kmeans	9	Medium Blue	18	GFRA2	9606.ENSP00000428518	GDNF family receptor alpha-2; Receptor for neurturin. Mediates the NRTN-induced autophosphorylation and activation of the RET receptor. Also able to mediate GDNF signaling through the RET tyrosine kinase receptor; Belongs to the GDNFR family.
kmeans	9	Medium Blue	18	GZMA	9606.ENSP00000274306	Granzyme A; Abundant protease in the cytosolic granules of cytotoxic T- cells and NK-cells which activates caspase-independent cell death with morphological features of apoptosis when delivered into the target cell through the immunological synapse. It cleaves after Lys or Arg. Cleaves APEX1 after 'Lys-31' and destroys its oxidative repair activity. Cleaves the nucleosome assembly protein SET after 'Lys-189', which disrupts its nucleosome assembly activity and allows the SET complex to translocate into the nucleus to nick and degrade the DNA. Belongs to the peptidase S1 family. Granzym [...] 
kmeans	9	Medium Blue	18	IQGAP2	9606.ENSP00000274364	Ras GTPase-activating-like protein IQGAP2; Binds to activated CDC42 and RAC1 but does not seem to stimulate their GTPase activity. Associates with calmodulin.
kmeans	9	Medium Blue	18	LILRB1	9606.ENSP00000315997	Leukocyte immunoglobulin-like receptor subfamily B member 1; Receptor for class I MHC antigens. Recognizes a broad spectrum of HLA-A, HLA-B, HLA-C, HLA-G and HLA-F alleles. Receptor for H301/UL18, a human cytomegalovirus class I MHC homolog. Ligand binding results in inhibitory signals and down-regulation of the immune response. Engagement of LILRB1 present on natural killer cells or T-cells by class I MHC molecules protects the target cells from lysis. Interaction with HLA-B or HLA-E leads to inhibition of FCER1A signaling and serotonin release. Inhibits FCGR1A-mediated phosphorylatio [...] 
kmeans	9	Medium Blue	18	NCAM1	9606.ENSP00000480132	Neural cell adhesion molecule 1; This protein is a cell adhesion molecule involved in neuron- neuron adhesion, neurite fasciculation, outgrowth of neurites, etc.
kmeans	9	Medium Blue	18	NECTIN2	9606.ENSP00000252483	Nectin-2; Modulator of T-cell signaling. Can be either a costimulator of T-cell function, or a coinhibitor, depending on the receptor it binds to. Upon binding to CD226, stimulates T-cell proliferation and cytokine production, including that of IL2, IL5, IL10, IL13, and IFNG. Upon interaction with PVRIG, inhibits T-cell proliferation. These interactions are competitive. Probable cell adhesion protein ; Belongs to the nectin family.
kmeans	9	Medium Blue	18	NEFL	9606.ENSP00000482169	Neurofilament light polypeptide; Neurofilaments usually contain three intermediate filament proteins: L, M, and H which are involved in the maintenance of neuronal caliber.
kmeans	9	Medium Blue	18	NTRK3	9606.ENSP00000354207	NT-3 growth factor receptor; Receptor tyrosine kinase involved in nervous system and probably heart development. Upon binding of its ligand NTF3/neurotrophin-3, NTRK3 autophosphorylates and activates different signaling pathways, including the phosphatidylinositol 3-kinase/AKT and the MAPK pathways, that control cell survival and differentiation.
kmeans	9	Medium Blue	18	PVR	9606.ENSP00000402060	Poliovirus receptor; Mediates NK cell adhesion and triggers NK cell effector functions. Binds two different NK cell receptors: CD96 and CD226. These interactions accumulates at the cell-cell contact site, leading to the formation of a mature immunological synapse between NK cell and target cell. This may trigger adhesion and secretion of lytic granules and IFN-gamma and activate cytoxicity of activated NK cells. May also promote NK cell-target cell modular exchange, and PVR transfer to the NK cell. This transfer is more important in some tumor cells expressing a lot of PVR, and may tri [...] 
kmeans	9	Medium Blue	18	SCARB2	9606.ENSP00000264896	Lysosome membrane protein 2; Acts as a lysosomal receptor for glucosylceramidase (GBA) targeting.
kmeans	9	Medium Blue	18	TNFRSF8	9606.ENSP00000263932	Tumor necrosis factor receptor superfamily member 8; Receptor for TNFSF8/CD30L. May play a role in the regulation of cellular growth and transformation of activated lymphoblasts. Regulates gene expression through activation of NF-kappa- B ; Belongs to the TNFR8 family.
kmeans	10	Purple	41	ACTA2	9606.ENSP00000224784	Actin, aortic smooth muscle, intermediate form; Actins are highly conserved proteins that are involved in various types of cell motility and are ubiquitously expressed in all eukaryotic cells.
kmeans	10	Purple	41	AREG	9606.ENSP00000379097	Amphiregulin; Ligand of the EGF receptor/EGFR. Autocrine growth factor as well as a mitogen for a broad range of target cells including astrocytes, Schwann cells and fibroblasts; Belongs to the amphiregulin family.
kmeans	10	Purple	41	CEACAM5	9606.ENSP00000221992	Carcinoembryonic antigen-related cell adhesion molecule 5; Cell surface glycoprotein that plays a role in cell adhesion, intracellular signaling and tumor progression. Mediates homophilic and heterophilic cell adhesion with other carcinoembryonic antigen-related cell adhesion molecules, such as CEACAM6. Plays a role as an oncogene by promoting tumor progression; induces resistance to anoikis of colorectal carcinoma cells. Belongs to the immunoglobulin superfamily. CEA family.
kmeans	10	Purple	41	CKAP4	9606.ENSP00000367265	Cytoskeleton-associated protein 4; High-affinity epithelial cell surface receptor for APF.
kmeans	10	Purple	41	CSF1	9606.ENSP00000327513	Processed macrophage colony-stimulating factor 1; Cytokine that plays an essential role in the regulation of survival, proliferation and differentiation of hematopoietic precursor cells, especially mononuclear phagocytes, such as macrophages and monocytes. Promotes the release of proinflammatory chemokines, and thereby plays an important role in innate immunity and in inflammatory processes. Plays an important role in the regulation of osteoclast proliferation and differentiation, the regulation of bone resorption, and is required for normal bone development. Required for normal male a [...] 
kmeans	10	Purple	41	CTSD	9606.ENSP00000236671	Cathepsin D heavy chain; Acid protease active in intracellular protein breakdown. Plays a role in APP processing following cleavage and activation by ADAM30 which leads to APP degradation. Involved in the pathogenesis of several diseases such as breast cancer and possibly Alzheimer disease.
kmeans	10	Purple	41	DCN	9606.ENSP00000052754	Decorin; May affect the rate of fibrils formation.
kmeans	10	Purple	41	DSG2	9606.ENSP00000261590	Desmoglein-2; Component of intercellular desmosome junctions. Involved in the interaction of plaque proteins and intermediate filaments mediating cell-cell adhesion.
kmeans	10	Purple	41	EGFR	9606.ENSP00000275493	Epidermal growth factor receptor; Receptor tyrosine kinase binding ligands of the EGF family and activating several signaling cascades to convert extracellular cues into appropriate cellular responses. Known ligands include EGF, TGFA/TGF-alpha, AREG, epigen/EPGN, BTC/betacellulin, epiregulin/EREG and HBEGF/heparin- binding EGF. Ligand binding triggers receptor homo- and/or heterodimerization and autophosphorylation on key cytoplasmic residues. The phosphorylated receptor recruits adapter proteins like GRB2 which in turn activates complex downstream signaling cascades. Activates at leas [...] 
kmeans	10	Purple	41	EPHA2	9606.ENSP00000351209	Ephrin type-A receptor 2; Receptor tyrosine kinase which binds promiscuously membrane- bound ephrin-A family ligands residing on adjacent cells, leading to contact-dependent bidirectional signaling into neighboring cells. The signaling pathway downstream of the receptor is referred to as forward signaling while the signaling pathway downstream of the ephrin ligand is referred to as reverse signaling. Activated by the ligand ephrin- A1/EFNA1 regulates migration, integrin-mediated adhesion, proliferation and differentiation of cells. Regulates cell adhesion and differentiation through DS [...] 
kmeans	10	Purple	41	ERBB3	9606.ENSP00000267101	Receptor tyrosine-protein kinase erbB-3; Tyrosine-protein kinase that plays an essential role as cell surface receptor for neuregulins. Binds to neuregulin-1 (NRG1) and is activated by it; ligand-binding increases phosphorylation on tyrosine residues and promotes its association with the p85 subunit of phosphatidylinositol 3-kinase. May also be activated by CSPG5. Involved in the regulation of myeloid cell differentiation.
kmeans	10	Purple	41	FGF5	9606.ENSP00000311697	Fibroblast growth factor 5; Plays an important role in the regulation of cell proliferation and cell differentiation. Required for normal regulation of the hair growth cycle. Functions as an inhibitor of hair elongation by promoting progression from anagen, the growth phase of the hair follicle, into catagen the apoptosis-induced regression phase (By similarity); Belongs to the heparin-binding growth factors family.
kmeans	10	Purple	41	GDF15	9606.ENSP00000252809	Growth/differentiation factor 15; Regulates food intake, energy expenditure and body weight in response to metabolic and toxin-induced stresses. Binds to its receptor, GFRAL, and activates GFRAL- expressing neurons localized in the area postrema and nucleus tractus solitarius of the brainstem. It then triggers the activation of neurons localized within the parabrachial nucleus and central amygdala, which contitutes part of the 'emergency circuit' that shapes feeding responses to stressful conditions. On hepatocytes, inhibits growth hormone signaling (By similarity).
kmeans	10	Purple	41	IGFBP2	9606.ENSP00000233809	Insulin-like growth factor-binding protein 2; Inhibits IGF-mediated growth and developmental rates. IGF- binding proteins prolong the half-life of the IGFs and have been shown to either inhibit or stimulate the growth promoting effects of the IGFs on cell culture. They alter the interaction of IGFs with their cell surface receptors.
kmeans	10	Purple	41	IGFBP3	9606.ENSP00000370473	Insulin-like growth factor-binding protein 3; IGF-binding proteins prolong the half-life of the IGFs and have been shown to either inhibit or stimulate the growth promoting effects of the IGFs on cell culture. They alter the interaction of IGFs with their cell surface receptors. Also exhibits IGF-independent antiproliferative and apoptotic effects mediated by its receptor TMEM219/IGFBP-3R.
kmeans	10	Purple	41	IL19	9606.ENSP00000499459	Interleukin-19; May play some important roles in inflammatory responses. Up- regulates IL-6 and TNF-alpha and induces apoptosis (By similarity).
kmeans	10	Purple	41	ITGA5	9606.ENSP00000293379	Integrin alpha-5 heavy chain; Integrin alpha-5/beta-1 (ITGA5:ITGB1) is a receptor for fibronectin and fibrinogen. It recognizes the sequence R-G-D in its ligands. ITGA5:ITGB1 binds to PLA2G2A via a site (site 2) which is distinct from the classical ligand-binding site (site 1) and this induces integrin conformational changes and enhanced ligand binding to site 1. ITGA5:ITGB1 acts as a receptor for fibrillin-1 (FBN1) and mediates R-G-D-dependent cell adhesion to FBN1. ITGA5:ITGB1 is a receptor for IL1B and binding is essential for IL1B signaling. ITGA5:ITGB3 is a receptor for soluble CD [...] 
kmeans	10	Purple	41	ITGAV	9606.ENSP00000261023	Integrin alpha-V heavy chain; The alpha-V (ITGAV) integrins are receptors for vitronectin, cytotactin, fibronectin, fibrinogen, laminin, matrix metalloproteinase- 2, osteopontin, osteomodulin, prothrombin, thrombospondin and vWF. They recognize the sequence R-G-D in a wide array of ligands. ITGAV:ITGB3 binds to fractalkine (CX3CL1) and may act as its coreceptor in CX3CR1- dependent fractalkine signaling. ITGAV:ITGB3 binds to NRG1 (via EGF domain) and this binding is essential for NRG1-ERBB signaling. ITGAV:ITGB3 binds to FGF1 and this binding is essential for FGF1 signaling. ITGAV:ITGB [...] 
kmeans	10	Purple	41	KDR	9606.ENSP00000263923	Vascular endothelial growth factor receptor 2; Tyrosine-protein kinase that acts as a cell-surface receptor for VEGFA, VEGFC and VEGFD. Plays an essential role in the regulation of angiogenesis, vascular development, vascular permeability, and embryonic hematopoiesis. Promotes proliferation, survival, migration and differentiation of endothelial cells. Promotes reorganization of the actin cytoskeleton. Isoforms lacking a transmembrane domain, such as isoform 2 and isoform 3, may function as decoy receptors for VEGFA, VEGFC and/or VEGFD. Isoform 2 plays an important role as negative reg [...] 
kmeans	10	Purple	41	KITLG	9606.ENSP00000495951	Soluble KIT ligand; Ligand for the receptor-type protein-tyrosine kinase KIT. Plays an essential role in the regulation of cell survival and proliferation, hematopoiesis, stem cell maintenance, gametogenesis, mast cell development, migration and function, and in melanogenesis. KITLG/SCF binding can activate several signaling pathways. Promotes phosphorylation of PIK3R1, the regulatory subunit of phosphatidylinositol 3-kinase, and subsequent activation of the kinase AKT1. KITLG/SCF and KIT also transmit signals via GRB2 and activation of RAS, RAF1 and the MAP kinases MAPK1/ERK2 and/or M [...] 
kmeans	10	Purple	41	KRT18	9606.ENSP00000373489	Keratin, type I cytoskeletal 18; Involved in the uptake of thrombin-antithrombin complexes by hepatic cells (By similarity). When phosphorylated, plays a role in filament reorganization. Involved in the delivery of mutated CFTR to the plasma membrane. Together with KRT8, is involved in interleukin-6 (IL-6)-mediated barrier protection.
kmeans	10	Purple	41	KRT19	9606.ENSP00000355124	Keratin, type I cytoskeletal 19; Involved in the organization of myofibers. Together with KRT8, helps to link the contractile apparatus to dystrophin at the costameres of striated muscle; Belongs to the intermediate filament family.
kmeans	10	Purple	41	LAIR1	9606.ENSP00000375622	Leukocyte-associated immunoglobulin-like receptor 1; Functions as an inhibitory receptor that plays a constitutive negative regulatory role on cytolytic function of natural killer (NK) cells, B-cells and T-cells. Activation by Tyr phosphorylation results in recruitment and activation of the phosphatases PTPN6 and PTPN11. It also reduces the increase of intracellular calcium evoked by B-cell receptor ligation. May also play its inhibitory role independently of SH2-containing phosphatases. Modulates cytokine production in CD4+ T- cells, down-regulating IL2 and IFNG production while induc [...] 
kmeans	10	Purple	41	LDLR	9606.ENSP00000454071	Low-density lipoprotein receptor; Binds LDL, the major cholesterol-carrying lipoprotein of plasma, and transports it into cells by endocytosis. In order to be internalized, the receptor-ligand complexes must first cluster into clathrin-coated pits. (Microbial infection) Acts as a receptor for Vesicular stomatitis virus; Belongs to the LDLR family.
kmeans	10	Purple	41	LGALS4	9606.ENSP00000302100	Galectin-4; Galectin that binds lactose and a related range of sugars. May be involved in the assembly of adherens junctions.
kmeans	10	Purple	41	LTBP3	9606.ENSP00000301873	Latent-transforming growth factor beta-binding protein 3; Key regulator of transforming growth factor beta (TGFB1, TGFB2 and TGFB3) that controls TGF-beta activation by maintaining it in a latent state during storage in extracellular space. Associates specifically via disulfide bonds with the Latency-associated peptide (LAP), which is the regulatory chain of TGF-beta, and regulates integrin-dependent activation of TGF-beta.
kmeans	10	Purple	41	MET	9606.ENSP00000317272	Hepatocyte growth factor receptor; Receptor tyrosine kinase that transduces signals from the extracellular matrix into the cytoplasm by binding to hepatocyte growth factor/HGF ligand. Regulates many physiological processes including proliferation, scattering, morphogenesis and survival. Ligand binding at the cell surface induces autophosphorylation of MET on its intracellular domain that provides docking sites for downstream signaling molecules. Following activation by ligand, interacts with the PI3-kinase subunit PIK3R1, PLCG1, SRC, GRB2, STAT3 or the adapter GAB1. Recruitment of thes [...] 
kmeans	10	Purple	41	OGN	9606.ENSP00000364711	Mimecan; Induces bone formation in conjunction with TGF-beta-1 or TGF- beta-2.
kmeans	10	Purple	41	PDGFRA	9606.ENSP00000257290	Platelet-derived growth factor receptor alpha; Tyrosine-protein kinase that acts as a cell-surface receptor for PDGFA, PDGFB and PDGFC and plays an essential role in the regulation of embryonic development, cell proliferation, survival and chemotaxis. Depending on the context, promotes or inhibits cell proliferation and cell migration. Plays an important role in the differentiation of bone marrow-derived mesenchymal stem cells. Required for normal skeleton development and cephalic closure during embryonic development. Required for normal development of the mucosa lining the gastrointes [...] 
kmeans	10	Purple	41	PI3	9606.ENSP00000243924	Elafin; Neutrophil and pancreatic elastase-specific inhibitor of skin. It may prevent elastase-mediated tissue proteolysis. Has been shown to inhibit the alpha-4-beta-2/CHRNA2-CHRNB2 nicotinic acetylcholine receptor and to produce a weak inhibition on Kv11.1/KCNH2/ERG1 and on the transient receptor potential cation channel subfamily V member 1 (TRPV1).
kmeans	10	Purple	41	PLAUR	9606.ENSP00000339328	Urokinase plasminogen activator surface receptor; Acts as a receptor for urokinase plasminogen activator. Plays a role in localizing and promoting plasmin formation. Mediates the proteolysis-independent signal transduction activation effects of U-PA. It is subject to negative-feedback regulation by U-PA which cleaves it into an inactive form.
kmeans	10	Purple	41	PTS	9606.ENSP00000280362	6-pyruvoyl tetrahydrobiopterin synthase; Involved in the biosynthesis of tetrahydrobiopterin, an essential cofactor of aromatic amino acid hydroxylases. Catalyzes the transformation of 7,8-dihydroneopterin triphosphate into 6-pyruvoyl tetrahydropterin; Belongs to the PTPS family.
kmeans	10	Purple	41	ROR1	9606.ENSP00000360120	Inactive tyrosine-protein kinase transmembrane receptor ROR1; Has very low kinase activity in vitro and is unlikely to function as a tyrosine kinase in vivo. Receptor for ligand WNT5A which activate downstream NFkB signaling pathway and may result in the inhibition of WNT3A-mediated signaling. In inner ear, crucial for spiral ganglion neurons to innervate auditory hair cells.
kmeans	10	Purple	41	SDC4	9606.ENSP00000361818	Syndecan-4; Cell surface proteoglycan that bears heparan sulfate. Regulates exosome biogenesis in concert with SDCBP and PDCD6IP.
kmeans	10	Purple	41	SPINK1	9606.ENSP00000296695	Serine protease inhibitor Kazal-type 1; Serine protease inhibitor which exhibits anti-trypsin activity. In the pancreas, protects against trypsin- catalyzed premature activation of zymogens (By similarity).
kmeans	10	Purple	41	SPP1	9606.ENSP00000378517	Osteopontin; Binds tightly to hydroxyapatite. Appears to form an integral part of the mineralized matrix. Probably important to cell-matrix interaction.
kmeans	10	Purple	41	TFRC	9606.ENSP00000376197	Transferrin receptor protein 1, serum form; Cellular uptake of iron occurs via receptor-mediated endocytosis of ligand-occupied transferrin receptor into specialized endosomes. Endosomal acidification leads to iron release. The apotransferrin-receptor complex is then recycled to the cell surface with a return to neutral pH and the concomitant loss of affinity of apotransferrin for its receptor. Transferrin receptor is necessary for development of erythrocytes and the nervous system (By similarity). A second ligand, the heditary hemochromatosis protein HFE, competes for binding with tra [...] 
kmeans	10	Purple	41	TGFA	9606.ENSP00000404131	Protransforming growth factor alpha; TGF alpha is a mitogenic polypeptide that is able to bind to the EGF receptor/EGFR and to act synergistically with TGF beta to promote anchorage-independent cell proliferation in soft agar.
kmeans	10	Purple	41	TGFBR2	9606.ENSP00000351905	TGF-beta receptor type-2; Transmembrane serine/threonine kinase forming with the TGF- beta type I serine/threonine kinase receptor, TGFBR1, the non- promiscuous receptor for the TGF-beta cytokines TGFB1, TGFB2 and TGFB3. Transduces the TGFB1, TGFB2 and TGFB3 signal from the cell surface to the cytoplasm and is thus regulating a plethora of physiological and pathological processes including cell cycle arrest in epithelial and hematopoietic cells, control of mesenchymal cell proliferation and differentiation, wound healing, extracellular matrix production, immunosuppression and carcinoge [...] 
kmeans	10	Purple	41	TIMP4	9606.ENSP00000287814	Metalloproteinase inhibitor 4; Complexes with metalloproteinases (such as collagenases) and irreversibly inactivates them by binding to their catalytic zinc cofactor. Known to act on MMP-1, MMP-2, MMP-3, MMP-7 and MMP-9.
kmeans	10	Purple	41	TINAGL1	9606.ENSP00000271064	Tubulointerstitial nephritis antigen-like; May be implicated in the adrenocortical zonation and in mechanisms for repressing the CYP11B1 gene expression in adrenocortical cells. This is a non catalytic peptidase C1 family protein (By similarity).
